{
  "ctrflow": false,
  "Rename": false,
  "Junk": false,
  "ProxyStr": false,
  "ProxyCall": false,
  "ProxyInt": false,
  "ManyProxy": false,
  "Mixcer": false,
  "ProtectInt": false,
  "Hosts": [
    ""
  ],
  "Group": "Enter group here",
  "Mutex": "Click Generate",
  "Install": false,
  "InstallWatchDog": false,
  "UseInstallAdmin": false,
  "ExclusionWD": false,
  "HiddenFile": false,
  "RootKit": false,
  "Pump": false,
  "UserInit": false,
  "TaskClient": "",
  "TaskWatchDog": "",
  "PathClientCmb": "%ApplicationData%",
  "PathClientBox": "",
  "PathWatchDogCmb": "",
  "PathWatchDogBox": "",
  "CheckIcon": false,
  "CheckAssembly": false,
  "DigitalSignature": true,
  "AntiVirtual": true,
  "Icon": null,
  "Product": "",
  "Description": "idk",
  "Company": "company",
  "Copyright": "copyright ",
  "Trademarks": "trademarks",
  "OriginalFilename": "filename",
  "ProductVersion": "14.42.34438.0",
  "FileVersion": "14.42.34438.0"
}